Portfolio,Sharpe Ratio,Correlation with Untimed,Total Return (%),Ann. Return (%),Ann. Volatility (%)
Q1 (Most Similar),0.9261734928257157,0.056626278642410446,1003.6420663820163,5.319714285714285,5.743755707674233
Q5 (Least Similar),0.5694471300751068,0.0965608653166533,370.26136919802764,3.508,6.160361190225535
Untimed Long-Only,0.966090916154992,1.0,1187.0919628270901,5.654285714285715,5.8527470031387665
Q1-Q5 Spread,0.31011725257176775,-0.04614873547808355,114.79690239971339,1.8117142857142856,5.84202997637165
